{
  "project_info": {
    "project_number": "262630367527",
    "firebase_url": "https://messenger-8df12.firebaseio.com",
    "project_id": "messenger-8df12",
    "storage_bucket": "messenger-8df12.appspot.com"
  },
  "client": [
    {
      "client_info": {
        "mobilesdk_app_id": "1:262630367527:android:e79da503c0972617",
        "android_client_info": {
          "package_name": "com.uptodown.Messenger"
        }
      },
      "oauth_client": [
        {
          "client_id": "262630367527-gpf25ncgunij1lld64demlr669v03jc1.apps.googleusercontent.com",
          "client_type": 1,
          "android_info": {
            "package_name": "com.uptodown.Messenger",
            "certificate_hash": "bbc05876ec1db64517129701b3957742ad0d8d22"
          }
        },
        {
          "client_id": "262630367527-u9hm9ue37k16gedhm0m93ffm4b9btvhs.apps.googleusercontent.com",
          "client_type": 3
        }
      ],
      "api_key": [
        {
          "current_key": "AIzaSyCm3QfEk7YWJnwpH626NGtO7NPvAI6UN8M"
        }
      ],
      "services": {
        "appinvite_service": {
          "other_platform_oauth_client": [
            {
              "client_id": "262630367527-u9hm9ue37k16gedhm0m93ffm4b9btvhs.apps.googleusercontent.com",
              "client_type": 3
            }
          ]
        }
      }
    }
  ],
  "configuration_version": "1"
}
